framework,Id,PostTypeId,AcceptedAnswerId,positionOfAnswer,answerCreationDate,delayBetweenQuestionCreationAndAnswerCreation,ParentId,CreationDate,DeletionDate,Score,ViewCount,OwnerUserId,OwnerDisplayName,LastEditorUserId,LastEditorDisplayName,LastEditDate,LastActivityDate,Tags,AnswerCount,CommentCount,FavoriteCount,ClosedDate,CommunityOwnedDate
Android,28734594,1,28737314,33,2/26/2015 8:11:36,3,,2015-02-26 4:39:39,,6,8693,3558874,,,,,2015-02-26 8:11:36,<android><android-camera>,1,1,2,,
Android,29848140,1,29861971,46,4/25/2015 6:45:12,17,,2015-04-24 12:57:04,,1,1138,2280212,,,,,2015-04-25 6:45:12,<android>,1,1,,,
Android,31188849,1,31191045,71,7/2/2015 17:31:31,1,,2015-07-02 15:33:40,,3,3785,510981,,130659,,2015-07-03 10:04:20,2018-09-20 3:42:17,<android><android-studio><gradle>,5,0,2,,
Android,30444150,1,31858505,86,8/6/2015 14:31:27,1747,,2015-05-25 18:31:37,,1,705,2080970,,,,,2015-08-06 14:31:27,<google-places-api>,1,0,,,
Android,32021193,1,32029162,93,8/15/2015 20:43:58,17,,2015-08-15 3:22:56,,27,25619,3576831,,3576831,,2015-08-16 4:35:36,2015-10-01 3:17:58,<android><google-play-services><google-vision>,1,7,15,,
Android,32051973,1,32051974,95,8/17/2015 13:41:50,0,,2015-08-17 13:41:50,,12,16099,932052,,379726,,2015-09-28 9:31:22,2018-06-08 9:57:34,<android><camera><google-play-services><google-vision><android-vision>,3,0,2,,
Android,32258675,1,32300841,111,8/30/2015 20:30:01,72,,2015-08-27 20:17:43,,5,2913,5274454,,-1,,2017-05-23 11:59:44,2015-12-22 18:05:32,<android><camera><google-play-services><google-vision><android-vision>,1,3,2,,
Android,34638651,1,34650699,203,1/7/2016 8:45:41,15,,2016-01-06 17:05:05,,10,3202,1832221,,2370483,,2019-01-16 22:53:19,2019-01-16 22:53:19,<android><android-camera2>,3,4,3,,
Android,37206416,1,37388669,278,5/23/2016 10:33:00,240,,2016-05-13 9:35:24,,3,952,4180271,,,,,2017-05-08 19:21:49,<android><android-studio><android-ndk>,2,2,,,
Android,39044494,1,39054918,326,8/20/2016 13:56:07,20,,2016-08-19 17:11:34,,8,7231,5175297,,,,,2018-04-03 12:23:20,<android><camera><camera2><android-camera2>,2,0,3,,
Android,39022845,1,39064930,327,8/21/2016 13:50:03,69,,2016-08-18 16:04:05,,6,8702,5175297,,,,,2018-02-08 8:39:38,<android><camera><camera2><android-camera2>,2,1,3,,
Android,40849143,1,40849410,375,11/28/2016 16:45:53,0,,2016-11-28 16:29:55,,1,212,4342778,,4342778,,2016-11-28 16:46:00,2016-11-28 16:46:00,<git><android-studio><github>,1,0,,,
Android,41032145,1,41032503,378,12/8/2016 5:40:18,0,,2016-12-08 5:07:19,,1,1240,2518783,,,,,2016-12-08 14:51:51,<android><json>,2,0,1,,
Android,26479618,1,26480019,849,10/21/2014 6:13:22,0,,2014-10-21 5:42:16,,1,1950,710802,,,,,2014-10-21 6:13:22,<android><android-5.0-lollipop>,1,2,1,,
Android,26310908,1,27478710,850,12/15/2014 6:48:26,1562,,2014-10-11 3:57:59,,1,1108,1024806,,,,,2014-12-15 6:48:26,<android><android-5.0-lollipop>,1,0,1,,
Android,28004653,1,28005607,851,1/17/2015 23:44:49,2,,2015-01-17 21:42:34,,2,6708,4465348,,-1,,2017-05-23 12:32:21,2015-01-17 23:44:49,<android><adapter><android-recyclerview>,2,0,,,
Android,28003186,1,28019789,852,1/19/2015 7:29:36,36,,2015-01-17 19:07:27,,16,31689,2639515,,3192021,,2016-12-22 11:51:54,2018-03-20 16:37:04,<android><camera>,3,4,18,,
Android,28116521,1,28158985,853,1/26/2015 21:21:54,74,,2015-01-23 18:37:26,,1,932,2407357,,2407357,,2015-01-23 22:34:46,2015-01-26 21:41:01,<google-play-services><geofencing>,1,0,1,,
Android,28355353,1,28532785,854,2/16/2015 0:06:39,241,,2015-02-05 22:32:40,,4,2995,1763767,,1763767,,2015-02-06 9:19:41,2015-04-17 14:37:35,<android><service><android-service><geofencing><android-geofence>,3,3,2,,
Android,27139281,1,28645831,855,2/21/2015 12:31:56,2100,,2014-11-26 0:22:25,,7,3866,786718,,660921,,2015-01-07 13:17:33,2016-03-01 7:08:44,<android><android-5.0-lollipop><android-managed-profile>,1,0,5,,
Android,28685027,1,28789178,856,3/1/2015 1:46:05,123,,2015-02-23 22:45:34,,2,4714,2129008,,,,,2015-03-01 1:46:05,<android><screenshot><android-5.0-lollipop>,1,0,1,,
Android,28966466,1,28989409,857,3/11/2015 14:33:10,23,,2015-03-10 14:33:32,,1,651,4427983,,4427983,,2015-03-11 8:21:07,2015-03-11 14:33:10,<android><google-fit>,2,1,,,
Android,28954421,1,29069944,858,3/16/2015 5:08:32,148,,2015-03-10 0:52:38,,15,32893,2650407,,,,,2018-08-07 9:16:15,<android><fusedlocationproviderapi>,6,0,3,,
Android,29190072,1,29196883,859,3/22/2015 16:29:22,14,,2015-03-22 1:47:11,,6,4110,2650407,,2650407,,2015-06-08 23:21:11,2015-06-08 23:21:11,<android><activity-recognition>,1,0,,,
Android,29724923,1,29724962,860,4/19/2015 1:58:59,0,,2015-04-19 1:52:06,,5,3486,3205503,,4099598,,2015-04-19 2:17:08,2015-07-09 8:54:41,<android><google-places-api>,2,0,,,
Android,29744045,1,29750984,861,4/20/2015 14:40:56,5,,2015-04-20 9:30:40,,1,1712,1596679,,,,,2015-04-22 20:42:42,<android><google-play-services><google-places-api>,2,2,,,
Android,29861580,1,29875013,862,4/26/2015 7:38:18,25,,2015-04-25 5:58:01,,12,4281,1481408,,,,,2016-03-23 11:52:13,<android><google-play-services>,1,0,5,,
Android,30047918,1,30105684,863,5/7/2015 15:35:44,55,,2015-05-05 8:33:50,,2,861,1231245,,1231245,,2015-05-05 11:22:27,2015-05-07 15:35:44,<android><android-testing><android-espresso>,1,0,,,
Android,30106336,1,30107908,864,5/7/2015 17:25:46,1,,2015-05-07 16:06:20,,2,1236,369833,,-1,,2017-05-23 12:02:11,2015-05-07 17:28:19,<android><android-mediaprojection>,1,6,3,,
Android,30195940,1,30197939,865,5/12/2015 17:42:00,1,,2015-05-12 15:57:08,,13,9302,1520263,,,,,2016-03-13 18:20:45,<android><android-camera><android-5.0-lollipop>,1,0,8,,
Android,30582324,1,30582361,866,6/1/2015 20:10:21,0,,2015-06-01 20:08:05,,1,665,3512832,,1064310,,2015-06-01 20:54:26,2015-06-01 20:54:26,<java><android><android-studio><wear-os>,1,0,,,
Android,30838231,1,30838770,867,6/15/2015 6:41:30,0,,2015-06-15 5:55:33,,1,565,4575744,,3024519,,2015-06-15 6:08:55,2015-11-22 19:08:45,<android><google-fit>,2,0,,,
Android,30163964,1,30875643,868,6/16/2015 18:41:09,873,,2015-05-11 9:26:46,,3,1164,3916830,,,,,2015-07-13 14:47:22,<android><adb><android-5.0-lollipop><device-owner>,1,0,1,,
Android,30952459,1,30956693,869,6/20/2015 17:02:55,7,,2015-06-20 9:34:59,,2,3526,4772917,,-1,,2017-05-23 12:22:56,2016-03-17 9:53:03,<java><android><opengl-es><effects>,1,2,,,
Android,31064433,1,31064496,870,6/26/2015 3:39:38,0,,2015-06-26 3:32:27,,1,535,1334828,,1334828,,2015-06-26 3:37:22,2015-06-26 3:39:38,<github><android-studio><version-control><fork>,1,2,,,
Android,31120662,1,31120777,871,6/29/2015 16:23:35,0,,2015-06-29 16:17:53,,1,4428,1038702,,,,,2015-10-23 11:06:26,<android><permissions><android-6.0-marshmallow>,2,0,1,,
Android,31323889,1,31327836,872,7/9/2015 20:43:28,3,,2015-07-09 17:00:28,,1,107,3246849,,-1,,2017-05-23 12:21:46,2015-07-09 20:43:28,<android><android-recyclerview><recycler-adapter>,1,1,,,
Android,31371440,1,31385161,873,7/13/2015 13:47:47,18,,2015-07-12 19:00:05,,5,2657,4108002,,4108002,,2015-07-14 13:23:41,2015-07-25 3:12:13,<android><android-ndk>,2,0,,,
Android,31345049,1,31388760,874,7/13/2015 16:35:25,72,,2015-07-10 15:46:35,,2,1698,1014690,,1014690,,2015-07-13 7:40:21,2016-01-21 2:21:49,<xamarin><xamarin.android><google-places-api>,2,1,,,
Android,31290783,1,31409016,875,7/14/2015 14:06:31,147,,2015-07-08 11:03:35,,7,548,199252,,-1,,2017-05-23 11:51:44,2015-07-16 7:20:23,<android><sync><samsung-mobile><android-syncadapter>,1,1,,,
Android,31506508,1,31506657,876,7/19/2015 22:36:10,0,,2015-07-19 22:17:46,,1,299,666818,,,,,2015-07-19 22:36:10,<android><android-ndk>,1,0,,,
Android,31579686,1,31678438,877,7/28/2015 13:56:28,127,,2015-07-23 6:28:52,,2,532,966347,,1426891,,2015-07-23 6:33:37,2015-07-28 13:56:28,<android><nullpointerexception><keystore><secret-key>,1,0,,,
Android,31751885,1,31754445,878,7/31/2015 20:12:09,2,,2015-07-31 17:28:09,,1,2239,3549440,,3549440,,2015-07-31 19:41:07,2015-07-31 20:12:09,<android><android-ndk>,1,2,,,
Android,31797821,1,31839641,879,8/5/2015 18:00:34,43,,2015-08-03 22:32:17,,1,718,1580268,,,,,2015-08-05 18:00:34,<android><android-camera>,2,1,,,
Android,31786559,1,31875851,880,8/7/2015 10:46:31,94,,2015-08-03 11:53:18,,1,258,853569,,,,,2015-08-07 10:46:31,<android-studio><gradle><android-ndk>,1,0,1,,
Android,31884355,1,31918816,881,8/10/2015 11:51:40,65,,2015-08-07 18:25:49,,3,4220,804967,,804967,,2015-08-10 7:35:25,2015-08-10 11:51:40,<android><android-gradle><android-espresso>,1,8,,,
Android,31984622,1,31993813,882,8/13/2015 16:34:57,6,,2015-08-13 9:39:15,,3,7190,5084931,,5084931,,2015-08-13 9:46:53,2015-08-14 15:51:11,<android><android-camera>,2,0,,,
Android,31756883,1,32000958,883,8/14/2015 1:24:58,313,,2015-08-01 0:03:00,,2,687,4576720,,,,,2015-08-14 1:24:58,<java><android><android-imageview><android-bitmap>,1,0,2,,
Android,32108318,1,32110832,884,8/20/2015 6:17:46,4,,2015-08-20 1:50:49,,5,1934,969986,,,,,2015-08-21 7:13:11,<android><android-camera>,1,1,1,,
Android,32153945,1,32169591,885,8/23/2015 17:44:25,33,,2015-08-22 8:16:50,,1,614,1570557,,4601170,,2015-08-25 13:23:46,2015-08-25 13:23:46,<android-studio><command-line><gradle>,2,3,,,
Android,32142463,1,32273525,886,8/28/2015 14:34:59,168,,2015-08-21 14:08:34,,10,4336,2765160,,2765160,,2015-08-24 10:00:43,2017-03-10 11:30:40,<java><android><android-intent><android-testing><android-espresso>,2,0,2,,
Android,32295158,1,32299031,887,8/30/2015 17:00:02,7,,2015-08-30 9:38:24,,4,2634,3850054,,2016562,,2015-10-05 20:50:31,2015-12-08 16:24:00,<android><android-studio><android-gradle><build.gradle><gradle-experimental>,2,0,2,,
Android,32310523,1,32312074,888,8/31/2015 13:08:49,1,,2015-08-31 11:47:18,,3,4462,3535408,,2016562,,2015-10-05 20:52:23,2016-08-19 11:13:45,<android><android-studio><gradle><android-ndk><gradle-experimental>,1,0,1,,
Android,32603382,1,32618529,889,9/16/2015 20:56:44,12,,2015-09-16 8:28:59,,3,1556,356895,,356895,,2015-09-16 9:14:31,2015-11-27 8:36:58,<android><android-emulator><android-testing><android-espresso><avd>,3,0,2,,
Android,31987928,1,32661407,890,9/18/2015 21:36:25,873,,2015-08-13 12:13:20,,1,262,2068766,,,,,2015-09-18 21:36:25,<java><android><xml><cordova><layout>,1,0,,,
Android,33149700,1,33150597,891,10/15/2015 14:01:33,0,,2015-10-15 13:20:21,,5,2077,4227647,,2401535,,2015-10-22 10:20:43,2015-10-22 10:20:43,<android><android-permissions><android-6.0-marshmallow><activity-recognition>,2,6,,,
Android,33220233,1,33220286,892,10/19/2015 17:19:04,0,,2015-10-19 17:16:05,,17,12352,248959,,,,,2018-04-27 14:04:32,<android>,2,0,4,,
Android,33039188,1,33253587,893,10/21/2015 7:40:55,282,,2015-10-09 13:11:21,,18,7040,247095,,,,,2017-07-17 10:16:34,<android><android-6.0-marshmallow>,2,5,5,,
Android,33379534,1,33386364,894,10/28/2015 8:42:54,10,,2015-10-27 22:23:41,,27,8839,1009132,,1009132,,2018-01-09 17:27:45,2018-09-19 4:48:56,<java><android><android-studio><android-framelayout><android-api-levels>,1,0,2,,
Android,33391042,1,33391235,895,10/28/2015 12:34:38,0,,2015-10-28 12:26:26,,1,940,1281081,,,,,2015-10-28 12:34:38,<android><fragment><fragmenttransaction>,1,0,,,
Android,33371331,1,33450716,896,10/31/2015 10:51:26,91,,2015-10-27 14:58:12,,5,6020,1317571,,,,,2017-11-21 10:01:03,<android><android-vision>,2,0,3,,
Android,33617074,1,33621066,897,11/10/2015 0:53:02,5,,2015-11-09 19:49:58,,1,1196,535871,,,,,2015-11-10 19:25:13,<android><android-ndk><android-gradle><android-productflavors><gradle-experimental>,1,0,,,
Android,33654287,1,33702425,898,11/13/2015 21:56:58,54,,2015-11-11 15:45:13,,2,1241,3361863,,294248,,2015-11-11 16:51:57,2017-10-24 7:36:44,<android><android-camera><android-mediarecorder>,2,3,1,,
Android,33851794,1,33851850,899,11/22/2015 5:13:45,0,,2015-11-22 5:04:52,,12,1394,2598349,,,,,2016-07-21 6:02:09,<android>,3,1,2,,
Android,33907279,1,33907417,900,11/25/2015 2:13:33,0,,2015-11-25 1:59:13,,2,1067,1481500,,5001016,,2016-01-16 22:47:47,2016-01-16 22:47:47,<android><google-play-services><google-smartlockpasswords>,1,0,,,
Android,33763874,1,33923113,901,11/25/2015 17:41:51,191,,2015-11-17 17:59:35,,8,1677,229697,,,,,2015-11-25 17:55:35,<android><google-nearby>,2,0,2,,
Android,34017544,1,34018457,902,12/1/2015 10:46:38,0,,2015-12-01 10:01:14,,1,3741,4548007,,2396432,,2015-12-01 10:20:18,2016-12-09 4:51:11,<android><google-fit><google-fit-sdk>,1,0,1,,
Android,34169251,1,34169844,903,12/9/2015 2:38:46,1,,2015-12-09 1:32:26,,1,749,4885784,,-1,,2017-05-23 12:07:33,2017-11-13 8:57:33,<android><bluetooth><uuid>,1,0,,,
Android,34170159,1,34170187,904,12/9/2015 3:19:44,0,,2015-12-09 3:16:25,,1,731,4885784,,,,,2015-12-09 4:55:57,<java><android><callback><listener><handler>,2,0,,,
Android,34476043,1,34503320,905,12/29/2015 1:47:35,50,,2015-12-26 22:58:02,,14,1132,1406716,,,,,2015-12-29 2:08:30,<android><android-fragments><android-6.0-marshmallow><android-fingerprint-api>,1,0,,,
Android,34545676,1,34579698,906,1/3/2016 17:58:01,78,,2015-12-31 11:19:16,,3,1065,1887795,,,,,2016-03-03 22:49:19,<android><android-mediaplayer><android-support-library><appcompat><android-wear-notification>,1,0,1,,
Android,34627394,1,34646908,907,1/7/2016 3:29:34,20,,2016-01-06 7:00:42,,1,1750,2497859,,2497859,,2016-01-06 7:38:20,2016-01-07 4:11:56,<android><android-studio><gradle><android-ndk><sipdroid>,1,0,,,
Android,34387574,1,34859599,908,1/18/2016 16:31:25,687,,2015-12-21 0:46:46,,1,2116,6998684,,,,,2016-01-29 17:44:54,<android-studio><instant-run>,2,0,1,,
Android,35105545,1,35106120,909,1/30/2016 19:30:07,0,,2016-01-30 18:39:09,,19,15782,3127984,,,,,2016-10-31 9:39:51,<android><sharedpreferences><mockito>,1,0,2,,
Android,35211950,1,35214915,910,2/5/2016 1:39:32,4,,2016-02-04 21:27:10,,1,2187,513413,,,,,2016-02-05 1:39:32,<android><android-intent><android-espresso>,1,0,1,,
Android,32990275,1,35264164,911,2/8/2016 7:16:16,2972,,2015-10-07 10:49:24,,4,3851,5417969,,,,,2017-09-06 15:19:02,<emulation><nexus-5>,2,0,2,,
Android,35354363,1,35404097,912,2/15/2016 7:55:01,76,,2016-02-12 3:32:35,,10,1899,2499724,,,,,2016-02-15 7:55:01,<android><video><video-capture><android-camera2>,1,0,4,,
Android,35287835,1,35469813,913,2/17/2016 23:26:01,206,,2016-02-09 9:06:11,,2,6762,4697260,,5350328,,2016-02-09 9:38:12,2017-03-21 16:10:49,<android>,3,2,2,,
Android,35489632,1,35509532,914,2/19/2016 16:00:46,21,,2016-02-18 18:31:45,,11,6424,3543729,,,,,2016-02-19 16:00:46,<android><google-vision><android-vision>,1,0,5,,
Android,35048208,1,35603674,915,2/24/2016 13:34:05,664,,2016-01-27 21:18:21,,4,3256,1120115,,1120115,,2016-01-28 0:11:29,2016-12-15 5:57:49,<android><android-camera>,1,0,1,,
Android,35604954,1,35606877,916,2/24/2016 15:57:09,1,,2016-02-24 14:32:12,,1,424,3796083,,4848308,,2016-02-24 16:15:18,2016-02-24 16:15:18,<android><android-camera2>,1,11,2,,
Android,34298780,1,35621793,917,2/25/2016 8:17:26,1715,,2015-12-15 20:28:39,,5,2062,5665386,,3290339,,2015-12-17 21:08:08,2016-03-03 18:47:21,<android><android-studio><android-ndk><java-native-interface>,2,0,1,,
Android,35634085,1,35666374,918,2/27/2016 6:07:32,36,,2016-02-25 17:22:52,,6,3225,1306419,,1306419,,2016-02-29 1:22:35,2016-02-29 1:22:35,<android><python><attributeerror><oauth2client><google-play-developer-api>,1,0,2,,
Android,35664198,1,35708297,919,2/29/2016 19:47:26,67,,2016-02-27 0:33:25,,1,1337,3071350,,,,,2016-02-29 19:47:26,<java><android><testing><junit4><android-instrumentation>,1,2,,,
Android,35711493,1,35728605,920,3/1/2016 16:47:06,17,,2016-02-29 23:01:47,,2,2233,2737933,,,,,2016-08-06 18:03:20,<android><android-studio><github>,3,5,,,
Android,35709241,1,35728962,921,3/1/2016 17:04:21,20,,2016-02-29 20:43:01,,7,6500,1360853,,-1,,2017-05-23 12:10:04,2016-11-15 14:48:17,<android><image><imaging><android-mediaprojection>,1,4,3,,
Android,35757052,1,35757934,922,3/2/2016 21:00:36,0,,2016-03-02 20:06:06,,2,3762,6009679,,6009679,,2016-03-02 20:39:29,2016-03-03 20:47:32,<java><android><android-studio><android-gradle><google-vision>,1,4,,,
Android,35793657,1,35797305,923,3/4/2016 13:28:15,3,,2016-03-04 10:28:01,,3,755,4090338,,4090338,,2016-03-04 13:14:16,2017-11-11 9:12:23,<android><video><android-camera><android-image><android-camera2>,4,2,,,
Android,35636078,1,35846721,924,3/7/2016 14:50:52,259,,2016-02-25 19:04:10,,1,664,2051363,,,,,2016-10-31 16:56:40,<android><google-api-client>,2,0,,,
Android,33472447,1,36019839,925,3/15/2016 18:59:08,3227,,2015-11-02 7:15:07,,3,2584,2938319,,2649012,,2015-11-02 7:54:37,2016-03-15 18:59:08,<android><fingerprint><android-6.0-marshmallow>,1,0,,,
Android,35968315,1,36030703,926,3/16/2016 8:51:43,72,,2016-03-13 8:48:17,,8,6675,5904387,,1363438,,2018-10-10 20:41:19,2018-10-10 20:41:19,<android><zoom><capture><android-camera2>,4,4,5,,
Android,36034766,1,36062362,927,3/17/2016 13:43:56,25,,2016-03-16 11:45:21,,8,2523,1407528,,1407528,,2016-03-17 7:29:10,2016-03-17 13:43:56,<android><android-studio><java-native-interface><shared-libraries><gradle-experimental>,1,7,2,,
Android,34832098,1,36071166,928,3/17/2016 20:34:25,1463,,2016-01-16 21:02:33,,1,1123,3846287,,3846287,,2016-03-17 20:34:41,2016-06-30 12:06:29,<android><video-capture><android-mediarecorder><android-camera2>,2,0,,,
Android,36204550,1,36206257,929,3/24/2016 17:20:56,1,,2016-03-24 15:55:14,,1,3726,5939975,,,,,2016-07-14 14:02:43,<android><android-fragments><fragment><android-fragmentactivity><android-camera2>,2,4,,,
Android,36180407,1,36235440,930,3/26/2016 12:45:13,70,,2016-03-23 14:03:39,,5,4592,219777,,,,,2016-03-26 12:45:13,<android><bluetooth-lowenergy>,1,1,1,,
Android,36368371,1,36389005,931,4/3/2016 17:56:26,39,,2016-04-02 2:02:43,,2,1294,2509368,,2509368,,2016-04-02 3:35:59,2016-12-09 13:41:02,<java><google-fit>,3,0,,,
Android,36472561,1,36482728,932,4/7/2016 17:00:56,7,,2016-04-07 9:51:48,,5,721,976628,,,,,2016-04-07 17:00:56,<android><debugging><android-ndk><java-native-interface><native>,1,0,2,,
Android,36004651,1,36487904,933,4/7/2016 21:53:50,566,,2016-03-15 7:06:47,,10,802,1356874,,1356874,,2016-04-11 11:28:21,2016-04-11 11:35:03,<android><android-studio><android-sdk-tools><android-build><android-studio-import>,1,7,1,,
Android,36530342,1,36530652,934,4/10/2016 13:53:33,0,,2016-04-10 13:24:06,,1,807,4185853,,,,,2016-04-10 13:53:33,<c++><android-studio><gradle><android-ndk><header>,1,0,,,
Android,35133519,1,36597669,935,4/13/2016 11:58:46,1725,,2016-02-01 14:51:57,,4,355,1634147,,1634147,,2016-02-03 8:53:59,2016-04-13 11:58:46,<android><android-testing>,3,2,1,,
Android,35620400,1,36716795,936,4/19/2016 11:16:49,1300,,2016-02-25 6:56:21,,5,4069,1601974,,,,,2019-01-15 10:01:57,<java><android><mobile><android-camera2>,3,2,,,
Android,37124544,1,37147778,937,5/10/2016 19:54:29,23,,2016-05-09 20:06:31,,2,208,4731895,,,,,2016-05-10 19:54:29,<android><gradle><junit><android-espresso>,1,0,,,
Android,37144657,1,37149446,938,5/10/2016 21:41:20,4,,2016-05-10 16:56:34,,3,2561,1679732,,1679732,,2016-05-13 7:37:59,2016-05-13 7:37:59,<android><android-camera><android-camera2><camera-flash>,1,0,,,
Android,37300874,1,37310467,939,5/18/2016 21:34:06,8,,2016-05-18 13:18:46,,4,2265,878126,,878126,,2016-05-18 13:26:21,2017-02-03 3:31:15,<android><google-play-services><face-detection>,2,2,,,
Android,37441252,1,37606353,940,6/3/2016 5:10:33,205,,2016-05-25 15:14:08,,5,636,4817630,,3919009,,2016-06-01 18:29:27,2016-06-03 5:10:33,<android><camera-api>,2,0,,,
Android,37816319,1,37858843,941,6/16/2016 12:10:59,44,,2016-06-14 15:31:08,,2,54,1548788,,3956566,,2016-06-14 15:41:27,2016-06-16 12:10:59,<android><logging><arduino><android-bluetooth>,1,0,1,,
Android,38403559,1,38409251,942,7/16/2016 8:20:06,13,,2016-07-15 19:13:16,,1,257,1233366,,,,,2016-07-16 8:20:06,<android><fastlane>,1,0,2,,
Android,38601271,1,38646673,943,7/28/2016 21:01:27,45,,2016-07-26 23:07:16,,6,656,1880711,,,,,2017-01-31 2:01:30,<android><android-auto>,2,0,,,
Android,38274943,1,38798556,944,8/5/2016 22:29:34,673,,2016-07-08 20:31:35,,2,7468,3254749,,3254749,,2016-07-08 22:07:41,2016-08-05 22:29:34,<c++11><android-ndk><android-gradle><build.gradle><ndk-build>,1,0,1,,
Android,39034348,1,39045922,945,8/19/2016 18:48:53,10,,2016-08-19 8:22:29,,2,563,6733826,,,,,2016-08-19 18:48:53,<c#><android><xamarin><xamarin.android><android-install-apk>,1,0,2,,
Android,38832797,1,39107586,946,8/23/2016 17:39:58,362,,2016-08-08 15:12:08,,1,1839,6059256,,,,,2016-08-24 14:28:50,<android><gradle><android-ndk><java-native-interface><boringssl>,1,7,,,
Android,39327480,1,39333694,947,9/5/2016 15:26:32,6,,2016-09-05 9:23:10,,2,3873,1081355,,1081355,,2016-09-05 11:14:02,2017-04-03 12:16:25,<android><location><google-play-services>,2,2,1,,
Android,39281557,1,39352506,948,9/6/2016 15:15:27,113,,2016-09-01 22:03:01,,2,1355,3561610,,,,,2016-09-06 15:15:27,<android><android-vision>,1,0,1,,
Android,39464909,1,39471016,949,9/13/2016 13:12:14,5,,2016-09-13 7:57:13,,1,1065,1079901,,,,,2016-09-13 13:12:14,<android><android-5.0-lollipop><android-6.0-marshmallow><android-file><storage-access-framework>,1,0,,,
Android,39954501,1,39954735,950,10/10/2016 9:02:01,0,,2016-10-10 8:48:07,,1,281,1551603,,,,,2016-10-10 9:02:01,<android><google-play-services>,1,0,,,
Android,40419605,1,40419946,951,11/4/2016 10:08:16,0,,2016-11-04 9:52:31,,1,903,1791546,,1791546,,2016-11-07 11:14:48,2016-11-07 11:14:48,<android><android-7.0-nougat><android-7.1-nougat>,1,1,1,,
Android,40832882,1,40848379,952,11/28/2016 15:51:43,20,,2016-11-27 19:18:28,,10,4121,1036017,,,,,2018-01-31 2:34:31,<android-vision>,2,0,1,,
Android,41096332,1,41112022,953,12/13/2016 0:45:07,16,,2016-12-12 7:53:47,,1,822,3221524,,3221524,,2016-12-12 23:46:06,2018-03-15 13:12:57,<android><android-external-storage><mtp><storage-access-framework><document-provider>,3,11,,,
Android,41251543,1,41258348,954,12/21/2016 8:32:46,11,,2016-12-20 21:28:26,,4,2424,5140726,,5140726,,2016-12-20 21:39:24,2016-12-21 8:32:46,<android><rx-java><screen-orientation><rx-android>,2,0,5,,
Android,41363429,1,41363521,955,12/28/2016 13:53:37,0,,2016-12-28 13:47:17,,1,481,5985958,,5985958,,2016-12-28 13:57:17,2016-12-28 14:04:05,<android><design-patterns><mvp>,1,1,,,
Android,40766673,1,41383912,956,12/29/2016 16:51:38,866,,2016-11-23 14:08:20,,3,7855,2715054,,,,,2017-11-18 15:22:57,<android><c++><android-ndk>,3,0,,,
Android,41393423,1,41435642,957,1/3/2017 2:33:55,89,,2016-12-30 9:01:03,,1,896,7011251,,7011251,,2017-01-01 11:16:02,2017-01-03 2:33:55,<android><android-ndk><cmake><ndk-build>,2,2,,,
Android,41500348,1,41500488,958,1/6/2017 6:51:42,0,,2017-01-06 6:42:06,,2,629,6339618,,,,,2017-07-06 22:08:26,<android><google-play><google-play-services>,2,0,,,
Android,41646040,1,41649595,959,1/14/2017 11:44:00,9,,2017-01-14 1:58:17,,4,659,7101554,,,,,2017-04-05 6:24:38,<android><architecture><rx-java><kotlin><mvp>,2,0,,,
Android,41652621,1,41653733,960,1/14/2017 18:54:08,1,,2017-01-14 17:01:50,,2,753,3134405,,3134405,,2017-01-14 17:34:19,2017-01-14 18:54:08,<android><android-studio><android-ndk><cmake>,1,6,,,
Android,41732005,1,41732163,961,1/19/2017 1:13:56,0,,2017-01-19 0:52:45,,1,818,896112,,,,,2017-01-19 1:13:56,<android><android-layout><android-camera2>,1,0,,,
Android,41705194,1,41781171,962,1/21/2017 15:35:32,92,,2017-01-17 19:15:54,,5,1352,6509751,,,,,2017-01-21 15:35:32,<java><android><google-signin><google-authentication>,1,2,,,
Android,41790052,1,41790239,963,1/22/2017 11:19:49,0,,2017-01-22 10:59:10,,2,780,2216919,,2216919,,2017-01-22 11:38:02,2018-01-23 1:59:34,<java><android><android-layout><android-fragments><android-camera2>,2,0,1,,
Android,36055167,1,41862649,964,1/25/2017 22:14:05,7549,,2016-03-17 8:30:21,,1,2741,5225911,,4370109,,2016-03-19 9:57:51,2017-01-25 22:14:05,<android><android-studio><android-camera2>,3,5,1,,
Android,41892544,1,41893129,965,1/27/2017 11:38:25,0,,2017-01-27 11:08:02,,5,3196,410867,,,,,2017-01-27 11:38:25,<android-ndk><cmake>,1,0,2,,
Android,41982214,1,41982309,966,2/1/2017 14:33:57,0,,2017-02-01 14:29:05,,1,587,6325994,,,,,2017-02-01 14:33:57,<android><android-camera>,1,0,,,
Android,42009948,1,42010274,967,2/2/2017 19:02:04,0,,2017-02-02 18:43:33,,1,1064,7507065,,-1,,2017-05-23 12:32:08,2017-02-02 19:02:04,<android><android-alertdialog><android-permissions><android-dialog>,1,1,,,
Android,39407587,1,42025718,968,2/3/2017 13:44:12,3532,,2016-09-09 8:53:29,,1,2258,1512518,,1512518,,2016-09-15 12:42:00,2017-02-03 13:44:12,<android><c++><debugging><android-ndk>,2,4,,,
Android,42068877,1,42069068,969,2/6/2017 13:31:52,0,,2017-02-06 13:22:49,,1,821,4395114,,4395114,,2017-02-06 13:27:51,2017-12-21 8:04:21,<android><android-6.0-marshmallow><android-fingerprint-api>,2,9,2,,
Android,37462464,1,42082187,970,2/7/2017 5:11:12,6159,,2016-05-26 13:35:55,,1,235,6285198,,,,,2017-02-07 5:11:12,<android>,1,0,,,
Android,42119670,1,42138738,971,2/9/2017 14:03:04,20,,2017-02-08 17:21:15,,1,259,1902536,,,,,2017-02-09 14:03:04,<android-ndk><opensl>,1,0,,,
Android,42054221,1,42152545,972,2/10/2017 6:05:04,109,,2017-02-05 16:06:56,,27,1174,1887939,,,,,2017-02-14 22:10:20,<java><android><android-camera2>,4,7,2,,
Android,42112519,1,42176567,973,2/11/2017 13:45:16,73,,2017-02-08 11:58:57,,8,3263,3251783,,3251783,,2017-02-08 12:33:16,2017-02-11 13:45:16,<android><barcode-scanner><android-vision>,2,2,2,,
Android,42258489,1,42289088,974,2/17/2017 3:56:05,32,,2017-02-15 19:34:00,,1,755,1493868,,296427,,2017-03-29 13:37:28,2017-03-29 13:37:28,<android><google-play-services><safetynet>,1,1,,,
Android,42366276,1,42366771,411,2/21/2017 12:01:27,0,,2017-02-21 11:38:59,,2,2979,5302251,,1033581,,2019-01-15 17:54:01,2019-01-15 17:54:01,<android><camera><android-camera><android-camera2>,2,0,1,,
Android,42358194,1,42402203,976,2/22/2017 21:00:35,41,,2017-02-21 3:36:24,,2,1028,7408814,,4409409,,2017-07-13 19:00:30,2017-07-13 19:00:30,<android-studio><debugging><android-ndk><java-native-interface>,2,2,,,
Android,42403890,1,42426052,977,2/23/2017 20:58:32,22,,2017-02-22 22:58:20,,3,1782,72437,,62576,,2017-02-22 23:01:13,2017-02-23 20:58:32,<android>,2,0,1,,
Android,42420540,1,42448872,413,2/24/2017 21:48:10,29,,2017-02-23 15:57:20,,4,546,1652657,,8511554,,2018-04-04 17:25:01,2018-04-04 17:25:01,<android><barcode><android-vision><vision-api>,1,2,2,,
Android,42820003,1,42820930,418,3/15/2017 21:23:37,0,,2017-03-15 20:25:29,,12,9104,2922851,,2922851,,2017-03-15 20:38:22,2018-09-11 11:54:13,<android><android-fragments><android-activity><mvp><android-mvp>,1,1,5,,
Android,42583759,1,42868218,980,3/17/2017 22:44:44,342,,2017-03-03 16:20:15,,17,7806,7638509,,-1,,2017-05-23 10:31:31,2018-03-16 17:03:30,<android><android-studio><data-binding><android-databinding><android-studio-2.3>,7,5,5,,
Android,39454127,1,42908291,981,3/20/2017 15:57:52,4536,,2016-09-12 15:43:25,,1,1502,262119,,262119,,2016-09-13 19:51:01,2017-03-20 16:03:34,<android><wear-os><samsung-mobile><android-auto>,2,3,1,,
Android,42901334,1,42912408,982,3/20/2017 19:31:12,8,,2017-03-20 10:34:21,,4,6003,7230462,,7230462,,2017-03-21 14:26:06,2017-08-08 15:35:36,<android><api><focus><android-camera2><lg>,2,0,2,,
Android,43052236,1,43080639,983,3/28/2017 21:55:02,29,,2017-03-27 16:54:17,,1,212,5339746,,,,,2017-03-28 21:55:02,<java><android><android-studio><camera><camera2>,1,0,,,
Android,43134675,1,43134808,984,3/31/2017 7:21:16,0,,2017-03-31 7:14:31,,1,527,257948,,1083957,,2017-10-24 1:08:47,2017-10-24 1:08:47,<java><android><dependency-injection><dagger-2><dagger>,1,1,,,
Android,43098757,1,43180267,985,4/3/2017 8:51:53,112,,2017-03-29 16:07:27,,3,977,3041015,,3041015,,2017-03-30 11:43:33,2017-04-03 8:51:53,<android><geolocation><location><google-play-services><fusedlocationproviderapi>,1,0,2,,
Android,43362896,1,43397458,986,4/13/2017 16:33:32,33,,2017-04-12 7:20:13,,1,423,5551028,,656408,,2017-04-13 0:42:03,2017-04-13 16:33:32,<android><bluetooth><android-things>,1,5,,,
Android,43371389,1,43460146,987,4/17/2017 21:46:31,128,,2017-04-12 13:45:51,,1,439,1732338,,,,,2017-04-21 19:40:35,<android><google-play-services><in-app-billing>,1,4,1,,
Android,41627671,1,43554730,988,4/22/2017 2:56:34,2373,,2017-01-13 5:00:37,,2,701,5344661,,5344661,,2017-01-13 5:45:50,2017-04-22 2:56:34,<android><android-camera2>,1,2,,,
Android,43258773,1,43646354,989,4/26/2017 23:47:14,488,,2017-04-06 14:57:20,,35,2613,2886392,,2886392,,2017-04-26 11:54:06,2017-04-28 10:03:58,<android><design-patterns><android-mvp>,8,0,8,,
Android,43632752,1,43661005,990,4/27/2017 14:44:02,27,,2017-04-26 11:21:34,,5,1548,1785200,,,,,2017-12-15 21:57:53,<android><android-camera><android-vision>,2,1,1,,
Android,43765499,1,43766165,453,5/3/2017 17:08:10,0,,2017-05-03 16:29:56,,2,645,1623501,,,,,2017-05-03 17:08:10,<android><google-play-services><google-vision><android-vision>,1,0,1,,
Android,43774620,1,43774743,992,5/4/2017 5:44:03,0,,2017-05-04 5:36:45,,5,2995,974766,,,,,2017-09-23 17:16:27,<android><mvvm><data-binding><rx-java><android-databinding>,1,0,,,
Android,38034005,1,44012305,993,5/16/2017 21:59:00,7797,,2016-06-25 23:59:41,,3,445,6513648,,1841194,,2018-06-02 5:25:00,2018-06-02 5:25:00,<java><android><provisioning><nfs>,2,0,,,
Android,44208122,1,44285588,994,5/31/2017 13:02:26,114,,2017-05-26 18:33:03,,4,5103,2970357,,2308683,,2017-06-25 19:00:38,2017-06-25 19:00:38,<android><overlay><preview><camera2>,1,0,,,
Android,44447767,1,44470910,995,6/10/2017 7:48:33,30,,2017-06-09 1:06:38,,1,111,470542,,,,,2017-09-01 14:47:27,<android>,2,0,,,
Android,44487347,1,44487594,996,6/11/2017 18:58:18,0,,2017-06-11 18:35:43,,1,36,,user7320356,,user7320356,2017-06-11 19:07:06,2017-06-11 19:07:06,<android><bluetooth><android-bluetooth>,1,4,,,
Android,44560981,1,44646030,997,6/20/2017 7:02:25,119,,2017-06-15 7:12:54,,3,320,5907514,,1083957,,2017-06-20 7:03:59,2017-06-20 7:03:59,<android><testing><android-intent><android-espresso><android-testing>,2,0,1,,
Android,44753069,1,44753178,998,6/26/2017 4:35:04,0,,2017-06-26 4:20:38,,1,1518,1025935,,,,,2017-06-28 10:51:12,<android><database-migration><android-room><android-architecture-components>,2,0,1,,
Android,44749473,1,44769286,999,6/26/2017 21:57:46,27,,2017-06-25 18:48:08,,2,1126,3816569,,2308683,,2017-06-26 23:48:04,2017-06-26 23:48:39,<android><nullpointerexception><android-camera>,1,2,,,
Android,44863661,1,44863853,1000,7/1/2017 17:48:58,0,,2017-07-01 17:26:38,,2,979,8021836,,3908170,,2018-09-17 23:45:55,2018-09-17 23:45:55,<android><android-camera2>,2,4,1,,
Android,44910631,1,44911261,494,7/4/2017 17:12:58,0,,2017-07-04 16:28:10,,7,1426,8251758,,1390874,,2017-09-28 22:38:27,2017-09-28 22:44:21,<android><github><in-app-purchase><play-billing-library>,3,0,1,,
Android,44948245,1,44949641,1002,7/6/2017 12:59:38,1,,2017-07-06 11:58:20,,2,3809,1635488,,,,,2017-07-06 12:59:38,<android><service><location><google-play-services>,1,2,,,
Android,45051996,1,45059954,1003,7/12/2017 14:05:08,5,,2017-07-12 8:11:17,,1,779,5552022,,,,,2017-07-12 14:27:56,<android><authentication><keystore><signature><fingerprint>,1,0,,,
Android,45139577,1,45148366,1004,7/17/2017 15:41:37,6,,2017-07-17 8:42:43,,1,642,1262089,,,,,2017-07-17 18:07:19,<android><android-instant-apps>,1,0,,,
Android,45201324,1,45204178,1005,7/20/2017 2:40:42,5,,2017-07-19 21:27:22,,1,2129,517860,,517860,,2017-07-19 21:39:41,2019-03-12 7:16:32,<android><mvvm><dagger-2><android-databinding><dagger.android>,3,2,,,
Android,45208116,1,45325913,1006,7/26/2017 11:40:54,148,,2017-07-20 7:27:32,,7,1088,5457853,,5457853,,2017-07-26 19:48:56,2017-07-26 19:48:56,<android><android-location>,2,0,1,,
Android,45217815,1,45361818,1007,7/27/2017 22:08:45,175,,2017-07-20 14:36:19,,5,1359,5190902,,1000551,,2017-11-10 8:56:26,2017-11-10 8:56:26,<android><android-lifecycle><android-architecture-components><android-livedata>,1,1,,,
Android,45358247,1,45420167,1008,7/31/2017 15:43:57,93,,2017-07-27 18:16:37,,5,664,3561494,,,,,2017-08-06 16:14:37,<java><android><video><android-camera2>,1,1,3,,
Android,45407964,1,45563152,1009,8/8/2017 8:27:39,195,,2017-07-31 5:18:55,,14,2331,2024527,,7663565,,2017-08-04 4:04:36,2018-05-02 3:59:10,<android><google-vision><vision-api>,3,6,4,,
Android,45586828,1,45586963,1010,8/9/2017 9:37:47,0,,2017-08-09 9:32:39,,1,1842,7785152,,3395198,,2017-08-09 9:57:29,2017-08-09 11:09:52,<android><android-testing>,1,2,1,,
Android,45630453,1,45631324,1011,8/11/2017 9:14:38,0,,2017-08-11 8:30:51,,1,215,1271435,,1271435,,2017-08-11 9:35:00,2017-08-11 9:35:45,<android><android-for-work>,2,0,,,
Android,45531230,1,45645939,520,8/12/2017 2:26:17,135,,2017-08-06 10:50:01,,19,1797,917467,,,,,2017-08-12 2:26:17,<java><android><multithreading><architecture>,1,0,3,,
Android,45783523,1,45878920,527,8/25/2017 9:57:56,114,,2017-08-20 15:00:13,,6,2067,4433653,,182660,,2017-08-22 23:16:39,2018-10-19 2:51:49,<android><mvvm><dagger-2><android-architecture-components><android-mvvm>,1,6,1,,
Android,37483049,1,46002017,1014,9/1/2017 14:06:04,11090,,2016-05-27 12:02:45,,6,4907,1791546,,1791546,,2016-07-01 10:24:51,2018-01-09 15:06:40,<java><android><pdfrenderer>,3,0,2,,
Android,46111860,1,46111993,1015,9/8/2017 8:27:50,0,,2017-09-08 8:20:06,,23,18544,1439522,,7679573,,2017-09-08 8:52:00,2019-01-05 15:58:05,<android><android-notifications><android-8.0-oreo><foreground-service>,2,0,9,,
Android,45982524,1,46148860,1016,9/11/2017 5:40:05,256,,2017-08-31 13:22:01,,6,363,1573279,,472495,,2018-07-29 12:23:27,2018-10-17 17:41:49,<android><camera><android-camera2>,3,0,,,
Android,41615189,1,46238934,1017,9/15/2017 11:52:05,5901,,2017-01-12 14:05:37,,4,1827,7409905,,,,,2017-10-18 8:38:01,<android><android-ndk><audio-recording><voice-recording>,2,5,6,,
Android,46278357,1,46280749,537,9/18/2017 13:37:52,1,,2017-09-18 11:38:11,,17,1782,4260554,,2489403,,2018-04-29 14:05:37,2018-04-29 14:05:37,<android><dagger-2><android-architecture-components><dagger.android><android-viewmodel>,1,1,5,,
Android,46367880,1,46367938,1019,9/22/2017 15:11:11,0,,2017-09-22 15:08:13,,4,11434,2611161,,,,,2017-09-22 15:12:10,<git><github><branch>,1,0,1,,
Android,46435424,1,46452324,1020,9/27/2017 15:57:31,19,,2017-09-26 20:39:28,,3,1813,541867,,541867,,2017-09-28 8:29:55,2017-09-28 8:29:55,<android><kotlin><viewmodel><dagger-2><kotlin-interop>,1,4,3,,
Android,45099484,1,46485018,1021,9/29/2017 8:41:58,1847,,2017-07-14 9:31:34,,6,761,440921,,440921,,2017-07-14 10:03:00,2017-10-12 11:12:05,<android><mdm><android-for-work>,2,5,4,,
Android,47002893,1,47003431,1022,10/29/2017 17:57:51,0,,2017-10-29 17:02:20,,1,56,8852373,,,,,2017-10-29 17:57:51,<android><android-studio>,1,0,,,
Android,47078005,1,47079964,1023,11/2/2017 16:16:40,1,,2017-11-02 14:40:56,,13,2800,1769975,,1769975,,2017-11-03 8:45:31,2018-07-03 19:57:40,<java><android><android-espresso>,2,0,3,,
Android,47148619,1,47161584,1024,11/7/2017 15:27:26,13,,2017-11-07 1:36:47,,1,157,3308320,,,,,2017-11-07 15:27:26,<android><realm><mvp><rx-java2>,2,0,1,,
Android,47323883,1,47326971,1025,11/16/2017 10:16:12,2,,2017-11-16 7:27:04,,11,1537,4620609,,4620609,,2017-11-16 8:37:26,2018-01-16 17:47:04,<android><sqlite><kotlin><immutability><android-room>,2,2,2,,
Android,37747466,1,47359090,1026,11/17/2017 20:53:05,12609,,2016-06-10 11:45:37,,4,570,952135,,,,,2019-03-03 11:32:54,<android><android-bluetooth>,3,4,,,
Android,45203918,1,47489640,1027,11/25/2017 19:13:45,3089,,2017-07-20 2:09:13,,2,659,1475706,,1475706,,2017-11-28 17:02:36,2017-12-19 23:51:01,<android><android-ndk><java-native-interface>,1,0,,,
Android,47451783,1,47711258,1028,12/8/2017 9:27:36,360,,2017-11-23 9:24:20,,1,293,4792517,,4792517,,2017-11-23 11:03:03,2018-02-16 14:58:42,<android><android-camera><android-camera2><front-camera>,1,0,,,
Android,47868684,1,47873189,1029,12/18/2017 17:06:54,4,,2017-12-18 12:37:21,,2,903,7123686,,7123686,,2017-12-18 14:05:19,2019-04-12 16:21:44,<android><mvp><use-case><clean-architecture>,2,0,1,,
Android,47866673,1,47881098,608,12/19/2017 6:21:46,19,,2017-12-18 10:40:23,,1,1912,5268086,,1000551,,2018-03-19 11:24:36,2018-03-19 11:24:36,<android><mvvm><viewmodel><android-architecture-components><android-livedata>,1,1,2,,
Android,47727211,1,47930515,1031,12/21/2017 18:12:56,296,,2017-12-09 9:34:21,,20,9731,6100078,,,,,2019-02-05 20:14:44,<android><kotlin><android-databinding><android-architecture-components><android-mvvm>,3,0,4,,
Android,48094952,1,48095129,1032,1/4/2018 12:15:44,0,,2018-01-04 12:06:41,,5,2615,1281930,,,user8389458,2018-04-21 22:15:45,2018-04-21 22:15:45,<android><android-camera><android-camera2>,3,3,2,,
Android,48039177,1,48132487,1033,1/6/2018 22:20:16,165,,2017-12-31 1:13:09,,2,599,2736367,,,user9048861,2017-12-31 1:19:37,2018-01-06 22:20:16,<android><architecture><bluetooth-lowenergy>,1,5,,,
Android,48127910,1,48169325,1034,1/9/2018 13:31:21,71,,2018-01-06 13:37:47,,1,219,630668,,630668,,2018-01-13 6:29:03,2018-01-13 8:21:26,<android><unit-testing><mockito><rx-java2>,2,2,,,
Android,48172376,1,48173636,1035,1/9/2018 17:26:07,1,,2018-01-09 16:14:53,,1,48,3004821,,,,,2018-01-09 20:24:01,<android><pdf>,1,3,,,
Android,48172364,1,48174338,1036,1/9/2018 18:14:28,2,,2018-01-09 16:14:11,,3,3458,8052090,,2649012,,2018-01-09 16:32:36,2018-02-07 23:23:55,<android><android-room>,2,0,1,,
Android,47051069,1,48248557,625,1/14/2018 10:13:59,1777,,2017-11-01 8:45:10,,3,317,5346565,,2649012,,2017-11-01 10:04:47,2018-01-14 10:20:10,<android><fonts><google-font-api><google-fonts>,1,3,1,,
Android,46984467,1,48350486,1038,1/19/2018 22:31:36,2015,,2017-10-27 22:55:47,,1,164,1964609,,,,,2018-01-19 22:31:36,<android><android-billing><play-billing-library>,1,0,,,
Android,48406497,1,48410303,1039,1/23/2018 20:32:04,4,,2018-01-23 16:25:54,,10,1935,2414033,,192373,,2018-02-18 4:55:48,2018-02-18 4:55:48,<android><rotation><android-camera2>,1,0,8,,
Android,48645234,1,48649395,1040,2/6/2018 18:12:33,3,,2018-02-06 14:23:48,,1,452,4875522,,,,,2018-02-06 18:12:33,<android><android-for-work><cosu>,1,0,1,,
Android,48781673,1,48817039,1078,2/15/2018 22:02:41,38,,2018-02-14 7:20:28,,3,1174,9358655,,9358655,,2018-02-14 7:40:58,2018-02-16 11:06:52,<android><android-fragments><mvp><android-mvp>,2,2,,,
Android,48774255,1,48972468,1041,2/25/2018 10:29:15,279,,2018-02-13 19:28:01,,2,353,7295614,,7295614,,2018-02-15 16:22:09,2018-02-25 10:29:15,<java><android><dagger-2><dagger-android>,1,4,1,,
Android,48914977,1,48992369,1042,2/26/2018 16:01:13,115,,2018-02-21 20:34:04,,4,469,1866373,,1866373,,2018-03-01 16:00:43,2018-03-01 16:00:43,<android><unit-testing><kotlin><mockito><android-architecture-components>,2,5,,,
Android,49029004,1,49042294,1077,3/1/2018 3:44:52,15,,2018-02-28 11:55:25,,1,158,1497597,,1497597,,2018-03-01 3:44:06,2018-05-07 10:58:45,<android><google-fit>,1,2,,,
Android,49212540,1,49213923,1076,3/10/2018 20:52:24,2,,2018-03-10 18:24:33,,1,222,3537499,,3537499,,2018-03-10 19:39:45,2018-03-10 20:52:24,<c++><opengl-es><android-ndk>,1,0,,,
Android,49213525,1,49214549,1075,3/10/2018 22:13:16,2,,2018-03-10 20:07:36,,1,238,1433537,,,,,2018-03-10 22:30:23,<android><dagger-2><dagger-android>,1,0,,,
Android,49232559,1,49280941,663,3/14/2018 14:55:50,52,,2018-03-12 10:07:06,,4,1722,4903889,,4903889,,2018-03-15 4:51:30,2018-03-16 5:49:48,<android><android-constraintlayout>,2,2,1,,
Android,49417910,1,49418792,1044,3/22/2018 0:45:50,1,,2018-03-21 23:03:10,,1,41,1306140,,,,,2018-03-22 0:45:50,<android><location>,1,0,,,
Android,49488903,1,49489018,1045,3/26/2018 10:15:09,0,,2018-03-26 10:09:01,,32,7467,4136777,,4136777,,2018-03-28 12:20:29,2018-04-04 14:24:37,<java><android><location>,2,0,3,,
Android,49590960,1,49592891,1046,3/31/2018 22:07:19,3,,2018-03-31 18:19:08,,3,2004,72437,,,,,2018-03-31 22:07:19,<android><android-architecture-components><android-livedata>,1,0,,,
Android,49588393,1,49606378,1047,4/2/2018 6:30:54,40,,2018-03-31 13:40:45,,1,93,660350,,660350,,2018-04-01 9:26:23,2018-04-02 12:43:07,<android><google-play-developer-api>,1,1,,,
Android,49688616,1,49689440,1048,4/6/2018 9:20:06,0,,2018-04-06 8:33:22,,3,870,737972,,737972,,2018-04-25 17:05:35,2018-04-25 17:05:35,<android><kiosk-mode><cosu><android-enterprise><android-management-api>,1,0,1,,
Android,49762991,1,49778032,1049,4/11/2018 14:41:45,17,,2018-04-10 21:18:19,,1,327,3186218,,3186218,,2018-04-11 13:45:49,2018-04-11 14:41:45,<android><mvp><android-mvp>,2,4,,,
Android,46689217,1,49928687,1050,4/19/2018 19:20:06,4566,,2017-10-11 13:15:32,,3,243,1478296,,,,,2018-04-19 19:20:06,<android><mvvm><dependency-injection><dagger-2>,1,12,,,
Android,49833533,1,50061778,1051,4/27/2018 11:48:48,307,,2018-04-14 16:16:30,,5,3301,3374428,,3374428,,2018-04-27 7:47:08,2018-08-10 12:47:04,<android><kotlin><mockito><android-espresso><android-architecture-components>,5,0,2,,
Android,50053555,1,50145474,1052,5/3/2018 0:56:08,144,,2018-04-27 0:17:45,,1,260,7905229,,,,,2018-05-03 0:56:08,<android-fragments><mvp><android-tablelayout>,1,0,,,
Android,50362528,1,50389268,1053,5/17/2018 10:32:15,29,,2018-05-16 4:36:06,,3,594,2553048,,2553048,,2018-05-17 3:57:53,2018-12-22 9:06:36,<android><kotlin><android-instant-apps><android-wear-2.0>,1,9,1,,
Android,50423546,1,50675491,1054,6/4/2018 7:35:46,382,,2018-05-19 9:01:06,,1,168,878126,,878126,,2018-06-03 14:55:28,2018-06-04 7:35:46,<android><android-8.0-oreo><smart-linkify><smart-text-selection>,1,0,,,
Android,50869969,1,50870340,717,6/15/2018 6:39:55,0,,2018-06-15 6:06:35,,3,172,3828004,,,,,2018-06-15 6:46:57,<java><android><kotlin><dagger-2><dagger.android>,1,0,,,
Android,50709880,1,50877431,1056,6/15/2018 14:17:51,231,,2018-06-05 22:35:29,,1,286,8698088,,,,,2018-06-15 14:17:51,<java><android><android-gradle>,1,0,,,
Android,51216376,1,51220755,1057,7/7/2018 6:54:41,11,,2018-07-06 19:06:03,,1,489,734298,,734298,,2018-07-07 6:19:14,2018-07-07 6:54:41,<android><dependency-injection><retrofit><dagger-2><android-room>,1,10,,,
Android,29472129,1,51223759,1058,7/7/2018 13:36:11,28512,,2015-04-06 13:19:06,,3,1621,2410994,,2410994,,2015-04-08 13:23:39,2018-07-07 13:36:11,<android><android-pendingintent><android-geofence><android-intentservice>,1,4,1,,
Android,51523053,1,51523428,1059,7/25/2018 16:11:50,0,,2018-07-25 15:48:18,,2,71,3142611,,2649012,,2018-07-25 15:56:24,2018-07-30 14:56:18,<android><biometrics><android-fingerprint-api>,1,6,,,
Android,51757164,1,51762972,1060,8/9/2018 9:06:29,9,,2018-08-08 23:59:56,,3,2313,3609514,,2978334,,2018-08-09 10:06:08,2018-08-09 10:06:08,<android><android-architecture-components><android-jetpack><android-livedata>,1,6,,,
Android,51781176,1,51788659,756,8/10/2018 14:27:29,7,,2018-08-10 7:25:16,,5,1740,9291997,,139985,,2018-08-10 8:01:40,2019-03-16 15:50:59,<android><android-architecture-components><android-livedata><mutablelivedata>,2,1,2,,
Android,51884303,1,51886545,758,8/16/2018 23:24:12,3,,2018-08-16 19:43:05,,1,123,1270257,,1270257,,2018-08-16 19:48:32,2018-08-16 23:37:45,<android><kotlin><android-jetpack>,1,0,,,
Android,51892478,1,51961333,1063,8/22/2018 6:59:37,117,,2018-08-17 9:35:37,,6,3680,2253682,,2253682,,2018-08-21 19:37:43,2019-03-18 7:03:57,<android><android-fragments><kotlin><android-navigation><android-livedata>,2,16,,,
Android,51988532,1,51988806,1064,8/23/2018 15:01:00,0,,2018-08-23 14:48:36,,6,308,1270257,,1963973,,2018-08-23 20:52:01,2018-08-23 20:52:01,<kotlin>,2,3,,,
Android,51309576,1,52085011,1065,8/29/2018 19:42:14,1156,,2018-07-12 15:33:28,,1,234,3130972,,3130972,,2018-07-18 14:50:30,2018-08-29 19:42:14,<java><android><junit><android-espresso>,2,0,1,,
Android,52140059,1,52142897,1066,9/3/2018 3:43:20,8,,2018-09-02 18:45:05,,6,994,3499145,,3499145,,2019-03-20 7:27:39,2019-03-20 7:27:39,<android><android-architecture-components><bottomnavigationview><android-navigation><android-jetpack>,2,0,4,,
Android,52173040,1,52176365,1067,9/5/2018 2:49:53,7,,2018-09-04 19:43:48,,1,653,1866373,,,,,2018-09-05 2:49:53,<android><kotlin><android-testing><android-architecture-components><android-livedata>,1,0,,,
Android,52235986,1,52236076,1068,9/8/2018 14:07:16,0,,2018-09-08 13:55:00,,3,663,5492211,,2649012,,2018-09-08 15:47:56,2018-09-08 15:47:56,<android><database><sqlite><android-room>,2,0,,,
Android,52381029,1,52396338,775,9/19/2018 0:34:05,17,,2018-09-18 7:21:54,,5,733,1841194,,,,,2018-09-24 4:04:01,<android><android-keystore>,1,1,1,,
Android,52367169,1,52420312,1070,9/20/2018 7:59:56,68,,2018-09-17 11:54:09,,4,358,6000190,,,,,2018-09-20 7:59:56,<android><crop><face-detection>,2,0,,,
Android,52441736,1,52446017,1071,9/21/2018 14:36:39,4,,2018-09-21 10:28:45,,4,469,7775572,,7775572,,2018-09-21 11:44:02,2018-10-02 5:52:52,<android><dagger-2><android-room><android-architecture-components><android-workmanager>,2,0,1,,
Android,50615225,1,52530498,1072,9/27/2018 6:11:41,2861,,2018-05-31 0:58:02,,5,1315,5125212,,,,,2018-09-27 6:11:41,<android><android-architecture-components><android-paging><android-livedata>,1,8,3,,
Android,52576072,1,52576209,1073,9/30/2018 8:39:26,0,,2018-09-30 8:21:04,,1,416,,user5436326,,,,2018-09-30 8:39:26,<android><android-jetpack><android-navigation-component>,1,0,1,,
Android,49832787,1,52724308,1074,10/9/2018 15:13:56,4272,,2018-04-14 14:56:33,,1,1264,5827565,,5827565,,2019-02-08 23:34:16,2019-03-17 23:00:43,<android><android-architecture-components><android-livedata><mutablelivedata>,5,5,2,,
Android,52788958,1,52790082,1079,10/13/2018 6:15:22,3,,2018-10-13 2:25:10,,1,157,4414208,,,,,2018-10-13 6:15:22,<android><android-livedata><android-architecture-lifecycle><android-architecture>,1,0,,,
Android,52873173,1,52897124,1080,10/19/2018 17:16:45,29,,2018-10-18 11:42:00,,20,3401,10518087,,10518087,,2018-10-19 17:02:09,2019-03-01 11:15:35,<android><android-studio><junit><junit4><androidx>,5,0,3,,
Android,52873328,1,52943251,1081,10/23/2018 7:18:44,115,,2018-10-18 11:50:17,,1,195,4291264,,4291264,,2018-10-19 11:26:11,2018-10-23 7:18:44,<android><android-permissions><android-instant-apps>,2,5,1,,
Android,44497929,1,52966077,1082,10/24/2018 9:56:07,11974,,2017-06-12 11:08:04,,2,3333,2291718,,2291718,,2017-06-15 14:19:10,2018-10-24 9:56:07,<android><google-console-developer><android-instant-apps>,7,5,1,,
Android,52972693,1,53040454,1083,10/29/2018 7:12:22,111,,2018-10-24 15:23:19,,1,117,4291264,,,,,2018-10-29 7:32:35,<android><android-annotations><android-instant-apps>,2,3,,,
Android,53051745,1,53052560,1084,10/29/2018 19:32:41,1,,2018-10-29 18:31:53,,2,259,10575618,,,,,2018-10-29 19:32:41,<android><c++><cmake><android-ndk><.so>,1,1,,,
Android,53129932,1,53275304,1085,11/13/2018 6:48:14,237,,2018-11-03 9:13:32,,4,618,1404257,,,,,2018-11-13 6:48:14,<java><android><kotlin><video-processing><video-capture>,1,5,3,,
Android,53193247,1,53341010,1086,11/16/2018 15:37:09,215,,2018-11-07 16:03:20,,2,1575,1965914,,1043380,,2018-11-08 16:48:19,2018-11-16 15:37:09,<java><android><android-studio><android-espresso>,1,0,1,,
Android,53372539,1,53390772,1087,11/20/2018 10:17:09,23,,2018-11-19 10:23:03,,5,1017,3795043,,3795043,,2018-11-27 16:33:54,2018-12-09 18:57:32,<android><android-navigation-drawer><android-navigation><android-jetpack>,2,0,1,,
Android,53638074,1,53638529,1088,12/5/2018 18:24:54,0,,2018-12-05 17:53:16,,1,25,2663916,,6296561,,2019-02-09 22:01:56,2019-02-09 22:01:56,<android><android-recyclerview><android-espresso>,1,0,,,
Android,53573731,1,53764393,1089,12/13/2018 14:45:10,284,,2018-12-01 18:19:26,,12,364,72437,,72437,,2018-12-02 8:28:35,2018-12-14 16:24:33,<android><android-room>,3,7,2,,
Android,53931191,1,53954074,1090,12/28/2018 5:32:53,42,,2018-12-26 11:04:41,,1,51,9180439,,,,,2018-12-28 7:11:39,<java><android><audio><android-mediarecorder>,1,0,1,,
Android,54016644,1,54017265,1091,1/3/2019 6:22:17,1,,2019-01-03 5:08:10,,9,704,8034839,,8034839,,2019-02-22 8:16:21,2019-03-15 4:47:43,<android><gradle><android-gradle><android-testing><bazel>,2,3,6,2019-01-18 19:04:54,
Android,46646744,1,54328498,1092,1/23/2019 13:34:20,11304,,2017-10-09 12:41:52,,3,620,4614550,,5223744,,2017-10-09 12:52:39,2019-01-23 13:34:20,<android><android-recyclerview><kotlin><mvp><android-constraintlayout>,2,2,,,
Android,54448798,1,54448919,1093,1/30/2019 20:20:17,0,,2019-01-30 20:10:28,,1,21,10966474,,,,,2019-01-30 20:20:17,<android><android-studio>,1,0,,,
Android,54489418,1,54490336,1094,2/2/2019 5:41:44,3,,2019-02-02 2:21:53,,2,111,490375,,,,,2019-02-02 5:41:44,<kotlin><singleton>,1,0,1,,
Android,54508117,1,54508853,822,2/4/2019 0:10:17,1,,2019-02-03 22:13:21,,4,138,914587,,,,,2019-02-05 20:14:00,<android><mvvm><android-architecture-components>,1,0,,,
Android,54847411,1,54847523,1096,2/24/2019 0:11:30,0,,2019-02-23 23:51:11,,1,55,5277309,,,,,2019-02-24 0:11:30,<android><android-fragments><android-fragmentactivity><android-jetpack>,1,0,,,
Android,54878343,1,54884316,1097,2/26/2019 11:17:41,7,,2019-02-26 4:12:54,,2,246,5301119,,6296561,,2019-02-26 5:48:56,2019-02-26 11:17:41,<android><android-layout><android-constraintlayout><android-motionlayout>,1,0,,,
Android,54728368,1,54967397,1098,3/3/2019 9:29:22,346,,2019-02-16 22:38:32,,1,110,4194655,,6296561,,2019-02-25 7:14:21,2019-03-03 9:29:22,<java><android><notifications><foreground-service>,2,13,1,,
Android,54967251,1,54980053,831,3/4/2019 9:18:20,24,,2019-03-03 9:09:56,,4,246,10591628,,10591628,,2019-03-03 9:15:41,2019-03-10 16:24:21,<android><c++><opencv><android-ndk>,1,0,1,,
Android,54529117,1,55016471,1100,3/6/2019 5:55:31,695,,2019-02-05 6:55:06,,1,44,9222720,,,,,2019-03-06 5:55:31,<android><android-mediaplayer><samsung-mobile>,1,0,2,,
Android,55038077,1,55121125,1101,3/12/2019 12:08:24,124,,2019-03-07 7:19:16,,1,141,10391394,,10391394,,2019-03-07 9:40:50,2019-03-12 12:08:24,<android><overlay><crop><android-camera2>,2,7,,,
Android,55237055,1,55246405,1102,3/19/2019 17:02:32,7,,2019-03-19 9:02:36,,2,65,3134462,,2413303,,2019-03-19 9:28:13,2019-03-19 17:02:32,<kotlin><dagger-2><android-databinding><androidx><kapt>,1,4,,,
Spring,18888714,1,18889923,67,9/19/2013 8:38:42,1,,9/19/2013 7:32:46,,1,1579,26457,,,,,2013-09-19 8:38:42,<java><spring-mvc><intellij-idea><tomcat7>,1,0,,,
Spring,19482372,1,19527771,68,10/22/2013 20:33:40,48,,10/20/2013 20:18:23,,1,4863,617552,,,,,2013-10-22 20:33:40,<java><spring><unit-testing><mockito><hamcrest>,2,0,,,
Spring,20101448,1,20102983,69,11/20/2013 17:38:22,1,,11/20/2013 16:29:30,,1,2420,2678817,,,,,2013-11-20 23:34:11,<java><spring><jpa><spring-data><spring-data-jpa>,2,0,,,
Spring,20168563,1,20187597,70,11/25/2013 8:16:19,34,,11/23/2013 22:15:02,,5,7231,2288351,,2288351,,2013-11-23 23:54:35,2013-11-25 8:16:19,<java><spring><utf-8><spring-boot>,2,5,2,,
Spring,21305874,1,21846758,71,2/18/2014 7:19:17,620,,1/23/2014 10:45:45,,1,1083,838659,,838659,,2014-01-29 3:37:46,2014-03-21 5:38:01,<rabbitmq><spring-4><spring-messaging><spring-websocket>,1,0,,,
Spring,22600920,1,22604552,72,3/24/2014 8:42:38,4,,3/24/2014 4:09:14,,1,303,2091827,,592228,,2014-03-24 8:43:12,2014-03-24 13:28:49,<java><spring><rest><neo4j><spring-boot>,1,0,1,,
Spring,22935840,1,22935912,73,4/8/2014 11:40:53,0,,4/8/2014 11:37:56,,2,4169,2427686,,2427686,,2014-04-08 12:15:57,2017-10-06 7:00:46,<java><spring><maven><pom.xml>,3,1,,,
Spring,23366226,1,23366746,74,4/29/2014 13:55:21,0,,4/29/2014 13:34:32,,28,23955,294068,,,,,2017-11-24 7:18:08,<spring><jpa><spring-data><spring-data-jpa><spring-boot>,4,0,5,,
Spring,24025004,1,24040465,75,6/4/2014 14:38:56,17,,6/3/2014 21:12:20,,5,3165,386713,,386713,,2014-06-04 13:08:34,2014-06-04 14:38:56,<maven><spring-boot><maven-war-plugin>,1,2,1,,
Spring,24539899,1,24546786,76,7/3/2014 6:49:16,10,,7/2/2014 19:54:36,,1,5245,3799139,,,,,2014-07-20 10:36:41,<java><spring><gradle>,2,2,,,
Spring,25571843,1,25574250,77,8/29/2014 18:34:16,2,,8/29/2014 15:51:55,,7,4574,3930172,,-1,,2017-05-23 10:29:47,2017-07-13 12:11:00,<java><spring><spring-boot><weblogic12c>,3,2,5,,
Spring,27105619,1,27106014,78,11/24/2014 13:29:32,0,,11/24/2014 13:08:11,,1,1121,266185,,,,,2014-11-24 13:29:32,<spring><spring-mvc>,1,1,,,
Spring,27171629,1,27387192,79,12/9/2014 19:27:07,294,,11/27/2014 13:15:15,,1,1627,260511,,,,,2014-12-09 19:27:07,<java><facebook><spring><spring-social><spring-social-facebook>,1,0,,,
Spring,28702698,1,28721027,80,2/25/2015 14:04:54,20,,2/24/2015 17:45:29,,2,3201,791406,,791406,,2015-02-25 14:01:06,2018-02-21 18:58:43,<spring><mongodb><groovy><gorm><spring-boot>,1,0,2,,
Spring,29299181,1,29300885,81,3/27/2015 12:38:51,1,,3/27/2015 11:02:30,,2,2111,674442,,18122,,2015-03-28 11:41:01,2015-03-28 11:41:01,<spring-boot><spring-data>,1,0,,,
Spring,29831953,1,29836337,82,4/23/2015 23:48:22,4,,4/23/2015 18:50:19,,7,19117,1988876,,-1,,2017-05-23 12:17:02,2016-04-14 1:34:00,<spring><maven><tomcat><spring-boot>,2,5,6,,
Spring,29831374,1,29842701,83,4/24/2015 8:44:26,14,,4/23/2015 18:17:40,,1,700,4825538,,4825538,,2015-04-23 18:31:08,2015-04-24 8:44:26,<hadoop><spring-boot><yarn><spring-data-hadoop>,1,0,,,
Spring,31730050,1,31760587,84,8/1/2015 9:59:49,40,,7/30/2015 17:10:01,,5,1038,3702362,,3702362,,2015-07-31 8:21:54,2015-08-01 9:59:49,<spring><maven><soap><spring-boot><spring-ws>,1,4,2,,
Spring,34525587,1,34560982,85,1/1/2016 23:11:40,62,,12/30/2015 8:21:10,,7,4791,1961634,,1961634,,2015-12-30 8:28:23,2016-11-25 8:22:56,<java><web-services><wsdl><cxf><spring-ws>,3,1,1,,
Spring,34512248,1,34576917,86,1/3/2016 13:14:56,119,,12/29/2015 13:37:15,,7,1291,20391,,,,,2016-10-31 12:55:47,<spring><facebook><spring-security><spring-social><spring-social-facebook>,2,0,,,
Spring,34606760,1,34619077,87,1/5/2016 18:45:43,10,,1/5/2016 8:01:04,,8,14125,1265245,,1265245,,2016-01-07 19:18:48,2017-09-21 19:24:50,<java><spring><spring-boot><integration-testing><thymeleaf>,2,2,2,,
Spring,35076591,1,35076775,88,1/29/2016 4:15:41,0,,1/29/2016 3:55:30,,2,3977,1993941,,,,,2016-01-29 4:15:41,<java><spring><spring-boot>,1,0,1,,
Spring,35584271,1,35585108,89,2/23/2016 18:14:22,0,,2/23/2016 17:30:51,,6,12422,1757278,,,,,2018-12-09 20:05:25,<java><spring><mongodb><spring-data><spring-data-mongodb>,1,0,3,,
Spring,35195982,1,35603281,90,2/24/2016 13:16:00,484,,2/4/2016 8:28:51,,1,1196,1961634,,,,,2016-02-24 13:16:00,<java><spring><spring-boot><spring-scheduled><spring-async>,1,3,1,,
Spring,35709341,1,35709541,91,2/29/2016 21:00:28,0,,2/29/2016 20:49:05,,2,1549,1965146,,1965146,,2016-02-29 21:41:23,2016-02-29 21:41:23,<java><spring><rest><maven><spring-boot>,2,0,,,
Spring,36433556,1,36433803,92,4/5/2016 18:04:49,0,,4/5/2016 17:52:21,,1,43,887103,,,,,2016-04-05 18:04:49,<spring><gradle>,1,0,,,
Spring,36581834,1,36586730,93,4/13/2016 1:01:59,6,,4/12/2016 19:00:42,,1,602,807797,,,,,2016-04-13 6:35:42,<spring><spring-boot><spring-cloud><netflix-zuul>,3,1,,,
Spring,36655518,1,36665463,94,4/16/2016 14:34:42,18,,4/15/2016 19:36:19,,1,861,807797,,-1,,2017-02-08 15:09:36,2016-04-16 14:34:42,<spring><spring-mvc><spring-security><spring-boot><spring-oauth2>,1,2,1,,
Spring,36683434,1,36703486,95,4/18/2016 20:16:25,20,,4/17/2016 23:40:15,,4,10867,807797,,-1,,2017-05-23 11:54:22,2016-04-18 20:16:25,<spring><spring-security><spring-boot><autowired><spring-oauth2>,2,0,1,,
Spring,36899386,1,37018939,96,5/4/2016 5:10:27,153,,4/27/2016 19:38:36,,9,1266,807797,,-1,,2017-05-23 11:45:25,2016-05-04 20:54:53,<spring><spring-mvc><spring-security><spring-boot><spring-security-oauth2>,1,0,7,,
Spring,37970709,1,37971596,97,6/22/2016 14:52:12,0,,6/22/2016 14:15:43,,16,15445,2114952,,-1,,2017-05-23 10:34:05,2018-05-08 10:15:38,<java><spring><spring-mvc><spring-security><spring-boot>,3,1,3,,
Spring,38698426,1,38723291,23,8/2/2016 14:30:38,26,,8/1/2016 12:05:31,,4,911,5728095,,-1,,2017-05-23 12:14:54,2016-08-02 18:41:55,<java><angularjs><google-chrome><spring-security><logout>,1,3,,,
Spring,34751700,1,38867506,98,8/10/2016 8:02:41,5053,,1/12/2016 18:57:52,,9,7222,4977572,,,,,2016-10-20 12:33:45,<spring-security><spring-cloud><spring-session>,2,1,7,,
Spring,39233986,1,39337370,99,9/5/2016 20:35:09,146,,8/30/2016 17:48:28,,1,72,5385516,,5385516,,2016-08-31 0:34:09,2016-09-05 20:35:09,<spring><web-services><rest><maven><spring-boot>,1,4,,,
Spring,40357318,1,40460700,100,11/7/2016 8:25:22,142,,11/1/2016 9:32:00,,1,539,4529210,,,,,2016-11-07 8:25:22,<spring><spring-security><oauth2>,1,0,1,,
Spring,40585031,1,40595012,101,11/14/2016 18:02:36,8,,11/14/2016 9:02:52,,7,11431,979467,,1399491,,2018-12-12 18:26:43,2019-03-07 16:10:00,<spring><spring-boot>,4,5,,,
Spring,40802405,1,40802769,102,11/25/2016 10:28:26,0,,11/25/2016 10:11:01,,1,641,2436719,,2436719,,2016-11-25 10:37:37,2016-11-25 10:51:57,<java><spring><session>,1,0,,,
Spring,40775533,1,40816259,103,11/26/2016 8:01:20,57,,11/23/2016 22:58:42,,1,628,4725496,,,,,2016-11-27 10:39:43,<java><spring><spring-security>,2,0,,,
Spring,41092751,1,41092831,104,12/12/2016 0:52:59,0,,12/12/2016 0:37:03,,35,19035,1652248,,814702,,2018-01-23 16:14:54,2018-01-23 16:14:54,<spring><spring-boot><dependency-injection><autowired>,1,0,6,,
Spring,41429778,1,41450580,105,1/3/2017 19:03:07,27,,1/2/2017 15:53:40,,4,4602,5248299,,5248299,,2017-01-03 18:53:15,2017-01-04 6:42:30,<java><spring><spring-mvc><session><spring-security>,1,0,3,,
Spring,41578040,1,41771377,106,1/20/2017 19:56:36,239,,1/10/2017 20:44:03,,2,778,3778348,,-1,,2017-05-23 12:26:17,2017-03-29 17:42:17,<spring-boot><single-sign-on><spring-security-oauth2>,1,0,1,,
Spring,42102689,1,42382404,107,2/22/2017 3:53:37,339,,2/8/2017 0:44:24,,1,2727,6698148,,,,,2017-02-22 3:53:37,<spring-security><spring-session><spring-data-redis>,1,0,,,
Spring,42420125,1,42434577,108,2/24/2017 9:03:57,17,,2/23/2017 15:38:52,,2,596,2609729,,2609729,,2017-02-23 16:09:19,2018-03-10 4:50:22,<spring-boot><oauth-2.0><slack>,1,0,,,
Spring,42721597,1,42764690,109,3/13/2017 13:19:40,70,,3/10/2017 15:08:14,,1,7037,7458242,,7458242,,2017-03-13 10:14:01,2017-03-13 13:19:40,<java><spring><spring-mvc><post>,3,2,,,
Spring,43150564,1,43150604,110,3/31/2017 22:31:56,0,,3/31/2017 22:27:24,,2,168,2471889,,2471889,,2017-04-02 21:59:55,2017-04-02 21:59:55,<java>,2,10,,,
Spring,36730903,1,43245998,111,4/6/2017 4:56:10,8429,,4/19/2016 22:57:06,,5,8564,807797,,807797,,2016-04-20 22:42:57,2018-08-23 20:13:41,<spring><spring-security><spring-boot><spring-security-oauth2><spring-oauth2>,2,0,3,,
Spring,43374658,1,43678846,112,4/28/2017 11:12:59,379,,4/12/2017 16:12:06,,1,897,1729795,,,,,2017-04-28 11:12:59,<angularjs><spring><spring-security><oauth-2.0><spring-security-oauth2>,2,0,2,,
Spring,45136514,1,45287340,113,7/24/2017 18:13:25,180,,7/17/2017 5:26:22,,1,1970,2888242,,,,,2017-07-24 18:13:25,<java><spring><spring-boot><jwt><spring-security-oauth2>,1,0,,,
Spring,27987068,1,45322933,114,7/26/2017 9:32:09,22122,,1/16/2015 15:16:15,,11,6800,1684269,,,,,2018-07-13 13:10:55,<spring><hibernate><jpa><spring-boot><spring-data-jpa>,2,2,,,
Spring,45993586,1,45993917,115,9/1/2017 5:42:21,0,,9/1/2017 5:06:43,,2,300,1684269,,,,,2017-09-01 5:42:21,<spring><spring-boot><spring-cloud><spring-cloud-netflix>,1,0,,,
Spring,46162061,1,46162617,116,9/11/2017 18:56:11,0,,9/11/2017 18:20:41,,3,433,8593724,,,user8558216,2017-09-12 7:18:41,2017-09-12 7:18:41,<java><spring><spring-boot><spring-data-jpa><h2>,2,6,,,
Spring,46174992,1,46229614,117,9/14/2017 23:31:39,60,,9/12/2017 11:16:04,,8,628,516167,,516167,,2017-09-13 10:04:49,2018-07-04 17:10:02,<spring><spring-security><oauth><spring-oauth2>,2,0,,,
Spring,46732371,1,46732904,118,10/13/2017 15:06:00,0,,10/13/2017 14:36:02,,1,198,6271380,,6271380,,2017-10-18 20:04:57,2018-05-29 15:09:44,<spring><testing><spring-boot><resttemplate><spring-test>,1,0,1,,
Spring,43458500,1,48949537,119,2/23/2018 14:00:07,7482,,4/17/2017 19:46:11,,10,3373,2529104,,,,,2018-11-04 11:15:35,<java><oracle><spring-boot><spring-jms><advanced-queuing>,2,4,4,,
Spring,48772458,1,49214701,120,3/10/2018 22:35:10,605,,2/13/2018 17:30:55,,4,593,2355712,,,,,2018-03-16 19:39:49,<java><maven>,4,7,2,,
Spring,49942640,1,50349078,61,5/15/2018 11:29:42,598,,4/20/2018 13:20:46,,29,2165,2674303,,2674303,,2018-12-10 12:06:44,2018-12-10 12:06:44,<java><spring-security><oauth-2.0><spring-oauth2>,3,5,2,,
Spring,51738718,1,51741293,121,8/8/2018 7:50:17,3,,8/8/2018 4:39:09,,2,598,1529441,,5141749,,2018-08-08 6:23:11,2019-02-13 10:20:29,<java><spring><spring-batch>,2,2,,,
Spring,51736997,1,51750684,122,8/8/2018 15:41:34,15,,8/8/2018 0:11:49,,2,431,1074660,,,,,2018-08-08 15:41:34,<java><angular><maven><spring-boot><visual-studio-code>,1,4,,,
Spring,37042106,1,54575448,123,2/7/2019 14:21:40,24202,,5/5/2016 4:00:34,,3,505,694014,,-1,,2017-05-23 12:10:28,2019-02-07 14:45:54,<java><spring><maven><jboss><spring-boot>,1,4,,,
Spring,54750194,1,54763563,124,2/19/2019 10:06:05,18,,2/18/2019 15:09:54,,1,21,8288449,,1940850,,2019-02-19 4:44:11,2019-02-19 10:06:05,<spring-data-neo4j>,1,0,,,
